{
    "loss": 48.91292190551758,
    "accuracy": 0.690077006816864
}