{
    "loss": 29.068645477294922,
    "accuracy": 0.690077006816864
}