{
    "loss": 17.05844497680664,
    "accuracy": 0.690077006816864
}